/home/john/software_debug/github/fault-localization-by-Comparing-Program-Coverage/xmlproc/xml/parsers/xmlproc/xmlutils.py	642	1.000000
/home/john/software_debug/github/fault-localization-by-Comparing-Program-Coverage/xmlproc/xml/parsers/xmlproc/xmlutils.py	650	1.000000
/home/john/software_debug/github/fault-localization-by-Comparing-Program-Coverage/xmlproc/xml/parsers/xmlproc/xmlutils.py	658	1.000000
/home/john/software_debug/github/fault-localization-by-Comparing-Program-Coverage/xmlproc/xml/parsers/xmlproc/xmlproc.py	61	1.000000
/home/john/software_debug/github/fault-localization-by-Comparing-Program-Coverage/xmlproc/xml/parsers/xmlproc/xmlutils.py	378	1.000000
/home/john/software_debug/github/fault-localization-by-Comparing-Program-Coverage/xmlproc/xml/parsers/xmlproc/xmldtd.py	51	1.000000
/home/john/software_debug/github/fault-localization-by-Comparing-Program-Coverage/xmlproc/xml/parsers/xmlproc/xmlproc.py	427	1.000000
/home/john/software_debug/github/fault-localization-by-Comparing-Program-Coverage/xmlproc/xml/parsers/xmlproc/xmlutils.py	367	1.000000
/home/john/software_debug/github/fault-localization-by-Comparing-Program-Coverage/xmlproc/xml/parsers/xmlproc/xmlutils.py	359	1.000000
/home/john/software_debug/github/fault-localization-by-Comparing-Program-Coverage/xmlproc/xml/parsers/xmlproc/xmlutils.py	651	1.000000
/home/john/software_debug/github/fault-localization-by-Comparing-Program-Coverage/xmlproc/xml/parsers/xmlproc/xmlproc.py	428	1.000000
/home/john/software_debug/github/fault-localization-by-Comparing-Program-Coverage/xmlproc/xml/parsers/xmlproc/xmlproc.py	373	1.000000
/home/john/software_debug/github/fault-localization-by-Comparing-Program-Coverage/xmlproc/xml/parsers/xmlproc/xmlutils.py	372	1.000000
/home/john/software_debug/github/fault-localization-by-Comparing-Program-Coverage/xmlproc/xml/parsers/xmlproc/xmlproc.py	401	1.000000
/home/john/software_debug/github/fault-localization-by-Comparing-Program-Coverage/xmlproc/outputters.py	45	1.000000
/home/john/software_debug/github/fault-localization-by-Comparing-Program-Coverage/xmlproc/xml/parsers/xmlproc/xmlproc.py	110	1.000000
/home/john/software_debug/github/fault-localization-by-Comparing-Program-Coverage/xmlproc/xml/parsers/xmlproc/xmlutils.py	648	1.000000
/home/john/software_debug/github/fault-localization-by-Comparing-Program-Coverage/xmlproc/xml/parsers/xmlproc/xmlproc.py	425	1.000000
/home/john/software_debug/github/fault-localization-by-Comparing-Program-Coverage/xmlproc/xml/parsers/xmlproc/xmlproc.py	392	1.000000
/home/john/software_debug/github/fault-localization-by-Comparing-Program-Coverage/xmlproc/outputters.py	35	1.000000
/home/john/software_debug/github/fault-localization-by-Comparing-Program-Coverage/xmlproc/xml/parsers/xmlproc/xmlproc.py	63	1.000000
/home/john/software_debug/github/fault-localization-by-Comparing-Program-Coverage/xmlproc/xml/parsers/xmlproc/xmlutils.py	376	1.000000
/home/john/software_debug/github/fault-localization-by-Comparing-Program-Coverage/xmlproc/xml/parsers/xmlproc/xmlproc.py	400	1.000000
/home/john/software_debug/github/fault-localization-by-Comparing-Program-Coverage/xmlproc/outputters.py	44	1.000000
/home/john/software_debug/github/fault-localization-by-Comparing-Program-Coverage/xmlproc/xml/parsers/xmlproc/xmlutils.py	138	1.000000
/home/john/software_debug/github/fault-localization-by-Comparing-Program-Coverage/xmlproc/outputters.py	43	1.000000
/home/john/software_debug/github/fault-localization-by-Comparing-Program-Coverage/xmlproc/xml/parsers/xmlproc/xmlutils.py	646	1.000000
/home/john/software_debug/github/fault-localization-by-Comparing-Program-Coverage/xmlproc/xml/parsers/xmlproc/xmlproc.py	424	1.000000
/home/john/software_debug/github/fault-localization-by-Comparing-Program-Coverage/xmlproc/outputters.py	31	1.000000
/home/john/software_debug/github/fault-localization-by-Comparing-Program-Coverage/xmlproc/xml/parsers/xmlproc/xmlutils.py	362	1.000000
/home/john/software_debug/github/fault-localization-by-Comparing-Program-Coverage/xmlproc/outputters.py	42	1.000000
/home/john/software_debug/github/fault-localization-by-Comparing-Program-Coverage/xmlproc/xml/parsers/xmlproc/xmlutils.py	647	1.000000
/home/john/software_debug/github/fault-localization-by-Comparing-Program-Coverage/xmlproc/outputters.py	30	1.000000
/home/john/software_debug/github/fault-localization-by-Comparing-Program-Coverage/xmlproc/xml/parsers/xmlproc/xmlutils.py	363	1.000000
/home/john/software_debug/github/fault-localization-by-Comparing-Program-Coverage/xmlproc/xml/parsers/xmlproc/xmlproc.py	109	1.000000
/home/john/software_debug/github/fault-localization-by-Comparing-Program-Coverage/xmlproc/outputters.py	55	1.000000
/home/john/software_debug/github/fault-localization-by-Comparing-Program-Coverage/xmlproc/xml/parsers/xmlproc/xmlproc.py	389	1.000000
/home/john/software_debug/github/fault-localization-by-Comparing-Program-Coverage/xmlproc/xml/parsers/xmlproc/xmlproc.py	430	1.000000
/home/john/software_debug/github/fault-localization-by-Comparing-Program-Coverage/xmlproc/outputters.py	29	1.000000
/home/john/software_debug/github/fault-localization-by-Comparing-Program-Coverage/xmlproc/xml/parsers/xmlproc/xmlutils.py	360	1.000000
/home/john/software_debug/github/fault-localization-by-Comparing-Program-Coverage/xmlproc/xml/parsers/xmlproc/xmlproc.py	106	1.000000
/home/john/software_debug/github/fault-localization-by-Comparing-Program-Coverage/xmlproc/xml/parsers/xmlproc/xmlproc.py	422	1.000000
/home/john/software_debug/github/fault-localization-by-Comparing-Program-Coverage/xmlproc/outputters.py	56	1.000000
/home/john/software_debug/github/fault-localization-by-Comparing-Program-Coverage/xmlproc/xml/parsers/xmlproc/xmlutils.py	369	1.000000
/home/john/software_debug/github/fault-localization-by-Comparing-Program-Coverage/xmlproc/xml/parsers/xmlproc/xmlproc.py	431	1.000000
/home/john/software_debug/github/fault-localization-by-Comparing-Program-Coverage/xmlproc/xml/parsers/xmlproc/xmlutils.py	645	1.000000
/home/john/software_debug/github/fault-localization-by-Comparing-Program-Coverage/xmlproc/xml/parsers/xmlproc/xmlproc.py	429	1.000000
/home/john/software_debug/github/fault-localization-by-Comparing-Program-Coverage/xmlproc/xml/parsers/xmlproc/xmlutils.py	361	1.000000
/home/john/software_debug/github/fault-localization-by-Comparing-Program-Coverage/xmlproc/xml/parsers/xmlproc/xmlproc.py	107	1.000000
/home/john/software_debug/github/fault-localization-by-Comparing-Program-Coverage/xmlproc/outputters.py	57	1.000000
/home/john/software_debug/github/fault-localization-by-Comparing-Program-Coverage/xmlproc/xml/parsers/xmlproc/xmlproc.py	391	1.000000
/home/john/software_debug/github/fault-localization-by-Comparing-Program-Coverage/xmlproc/xml/parsers/xmlproc/xmlproc.py	60	1.000000
/home/john/software_debug/github/fault-localization-by-Comparing-Program-Coverage/xmlproc/xml/parsers/xmlproc/xmldtd.py	48	1.000000
/home/john/software_debug/github/fault-localization-by-Comparing-Program-Coverage/xmlproc/xml/parsers/xmlproc/xmlutils.py	334	0.926829
/home/john/software_debug/github/fault-localization-by-Comparing-Program-Coverage/xmlproc/xml/parsers/xmlproc/xmlutils.py	333	0.926829
/home/john/software_debug/github/fault-localization-by-Comparing-Program-Coverage/xmlproc/xml/parsers/xmlproc/xmlproc.py	199	0.558824
/home/john/software_debug/github/fault-localization-by-Comparing-Program-Coverage/xmlproc/xml/parsers/xmlproc/xmlproc.py	201	0.558824
/home/john/software_debug/github/fault-localization-by-Comparing-Program-Coverage/xmlproc/xml/parsers/xmlproc/xmlproc.py	200	0.558824
/home/john/software_debug/github/fault-localization-by-Comparing-Program-Coverage/xmlproc/xml/parsers/xmlproc/xmlproc.py	159	0.500000
/home/john/software_debug/github/fault-localization-by-Comparing-Program-Coverage/xmlproc/xml/parsers/xmlproc/xmlutils.py	437	0.500000
/home/john/software_debug/github/fault-localization-by-Comparing-Program-Coverage/xmlproc/xml/parsers/xmlproc/xmlapp.py	65	0.500000
/home/john/software_debug/github/fault-localization-by-Comparing-Program-Coverage/xmlproc/xml/parsers/xmlproc/xmlutils.py	284	0.500000
/home/john/software_debug/github/fault-localization-by-Comparing-Program-Coverage/xmlproc/xml/parsers/xmlproc/xmlutils.py	71	0.500000
/home/john/software_debug/github/fault-localization-by-Comparing-Program-Coverage/xmlproc/xml/parsers/xmlproc/xmlproc.py	73	0.500000
/home/john/software_debug/github/fault-localization-by-Comparing-Program-Coverage/xmlproc/xml/parsers/xmlproc/xmlutils.py	145	0.500000
/home/john/software_debug/github/fault-localization-by-Comparing-Program-Coverage/xmlproc/xml/parsers/xmlproc/xmldtd.py	123	0.500000
/home/john/software_debug/github/fault-localization-by-Comparing-Program-Coverage/xmlproc/xml/parsers/xmlproc/xmlutils.py	32	0.500000
/home/john/software_debug/github/fault-localization-by-Comparing-Program-Coverage/xmlproc/xml/parsers/xmlproc/xmlproc.py	209	0.500000
/home/john/software_debug/github/fault-localization-by-Comparing-Program-Coverage/xmlproc/xml/parsers/xmlproc/xmlproc.py	481	0.500000
/home/john/software_debug/github/fault-localization-by-Comparing-Program-Coverage/xmlproc/xml/parsers/xmlproc/xmlproc.py	330	0.500000
/home/john/software_debug/github/fault-localization-by-Comparing-Program-Coverage/xmlproc/xml/parsers/xmlproc/xmlutils.py	336	0.500000
/home/john/software_debug/github/fault-localization-by-Comparing-Program-Coverage/xmlproc/xml/parsers/xmlproc/xmlutils.py	134	0.500000
/home/john/software_debug/github/fault-localization-by-Comparing-Program-Coverage/xmlproc/xml/parsers/xmlproc/xmlutils.py	623	0.500000
/home/john/software_debug/github/fault-localization-by-Comparing-Program-Coverage/xmlproc/outputters.py	61	0.500000
/home/john/software_debug/github/fault-localization-by-Comparing-Program-Coverage/xmlproc/xml/parsers/xmlproc/xmlutils.py	161	0.500000
/home/john/software_debug/github/fault-localization-by-Comparing-Program-Coverage/xmlproc/xml/parsers/xmlproc/xmlproc.py	196	0.500000
/home/john/software_debug/github/fault-localization-by-Comparing-Program-Coverage/xmlproc/xml/parsers/xmlproc/xmlapp.py	33	0.500000
/home/john/software_debug/github/fault-localization-by-Comparing-Program-Coverage/xmlproc/xml/parsers/xmlproc/xmlproc.py	96	0.500000
/home/john/software_debug/github/fault-localization-by-Comparing-Program-Coverage/xmlproc/xml/parsers/xmlproc/xmlproc.py	489	0.500000
/home/john/software_debug/github/fault-localization-by-Comparing-Program-Coverage/xmlproc/xml/parsers/xmlproc/xmlutils.py	243	0.500000
/home/john/software_debug/github/fault-localization-by-Comparing-Program-Coverage/xmlproc/xml/parsers/xmlproc/xmlutils.py	395	0.500000
/home/john/software_debug/github/fault-localization-by-Comparing-Program-Coverage/xmlproc/xml/parsers/xmlproc/xmlproc.py	91	0.500000
/home/john/software_debug/github/fault-localization-by-Comparing-Program-Coverage/xmlproc/xml/parsers/xmlproc/xmldtd.py	33	0.500000
/home/john/software_debug/github/fault-localization-by-Comparing-Program-Coverage/xmlproc/outputters.py	23	0.500000
/home/john/software_debug/github/fault-localization-by-Comparing-Program-Coverage/xmlproc/xml/parsers/xmlproc/xmlutils.py	293	0.500000
/home/john/software_debug/github/fault-localization-by-Comparing-Program-Coverage/xmlproc/xml/parsers/xmlproc/xmlutils.py	561	0.500000
/home/john/software_debug/github/fault-localization-by-Comparing-Program-Coverage/xmlproc/xml/parsers/xmlproc/xmlutils.py	355	0.500000
/home/john/software_debug/github/fault-localization-by-Comparing-Program-Coverage/xmlproc/xml/parsers/xmlproc/xmlutils.py	169	0.500000
/home/john/software_debug/github/fault-localization-by-Comparing-Program-Coverage/xmlproc/xml/parsers/xmlproc/xmlutils.py	258	0.500000
/home/john/software_debug/github/fault-localization-by-Comparing-Program-Coverage/xmlproc/xml/parsers/xmlproc/xmlutils.py	324	0.500000
/home/john/software_debug/github/fault-localization-by-Comparing-Program-Coverage/xmlproc/xml/parsers/xmlproc/xmlproc.py	497	0.500000
/home/john/software_debug/github/fault-localization-by-Comparing-Program-Coverage/xmlproc/xml/parsers/xmlproc/xmlproc.py	339	0.500000
/home/john/software_debug/github/fault-localization-by-Comparing-Program-Coverage/xmlproc/xml/parsers/xmlproc/xmlproc.py	33	0.500000
/home/john/software_debug/github/fault-localization-by-Comparing-Program-Coverage/xmlproc/xml/parsers/xmlproc/xmlutils.py	444	0.500000
/home/john/software_debug/github/fault-localization-by-Comparing-Program-Coverage/xmlproc/xml/parsers/xmlproc/xmlproc.py	224	0.500000
/home/john/software_debug/github/fault-localization-by-Comparing-Program-Coverage/xmlproc/xml/parsers/xmlproc/xmlutils.py	185	0.500000
/home/john/software_debug/github/fault-localization-by-Comparing-Program-Coverage/xmlproc/xml/parsers/xmlproc/xmlproc.py	191	0.500000
/home/john/software_debug/github/fault-localization-by-Comparing-Program-Coverage/xmlproc/xml/parsers/xmlproc/xmlapp.py	67	0.500000
/home/john/software_debug/github/fault-localization-by-Comparing-Program-Coverage/xmlproc/xml/parsers/xmlproc/xmlutils.py	569	0.500000
/home/john/software_debug/github/fault-localization-by-Comparing-Program-Coverage/xmlproc/xml/parsers/xmlproc/xmlutils.py	177	0.500000
/home/john/software_debug/github/fault-localization-by-Comparing-Program-Coverage/xmlproc/xml/parsers/xmlproc/xmlproc.py	112	0.500000
/home/john/software_debug/github/fault-localization-by-Comparing-Program-Coverage/xmlproc/xml/parsers/xmlproc/xmlutils.py	504	0.500000
/home/john/software_debug/github/fault-localization-by-Comparing-Program-Coverage/xmlproc/xml/parsers/xmlproc/xmlutils.py	30	0.500000
/home/john/software_debug/github/fault-localization-by-Comparing-Program-Coverage/xmlproc/xml/parsers/xmlproc/xmlutils.py	485	0.500000
/home/john/software_debug/github/fault-localization-by-Comparing-Program-Coverage/xmlproc/xml/parsers/xmlproc/xmlutils.py	283	0.500000
/home/john/software_debug/github/fault-localization-by-Comparing-Program-Coverage/xmlproc/xml/parsers/xmlproc/xmlproc.py	513	0.500000
/home/john/software_debug/github/fault-localization-by-Comparing-Program-Coverage/xmlproc/xml/parsers/xmlproc/xmlutils.py	70	0.500000
/home/john/software_debug/github/fault-localization-by-Comparing-Program-Coverage/xmlproc/xml/parsers/xmlproc/xmlproc.py	132	0.500000
/home/john/software_debug/github/fault-localization-by-Comparing-Program-Coverage/xmlproc/xml/parsers/xmlproc/xmldtd.py	88	0.500000
/home/john/software_debug/github/fault-localization-by-Comparing-Program-Coverage/xmlproc/xml/parsers/xmlproc/xmlproc.py	72	0.500000
/home/john/software_debug/github/fault-localization-by-Comparing-Program-Coverage/xmlproc/xml/parsers/xmlproc/xmlutils.py	144	0.500000
/home/john/software_debug/github/fault-localization-by-Comparing-Program-Coverage/xmlproc/xml/parsers/xmlproc/xmlproc.py	150	0.500000
/home/john/software_debug/github/fault-localization-by-Comparing-Program-Coverage/xmlproc/xml/parsers/xmlproc/xmldtd.py	122	0.500000
/home/john/software_debug/github/fault-localization-by-Comparing-Program-Coverage/xmlproc/xml/parsers/xmlproc/xmlutils.py	428	0.500000
/home/john/software_debug/github/fault-localization-by-Comparing-Program-Coverage/xmlproc/xml/parsers/xmlproc/xmlproc.py	208	0.500000
/home/john/software_debug/github/fault-localization-by-Comparing-Program-Coverage/xmlproc/xml/parsers/xmlproc/xmlutils.py	520	0.500000
/home/john/software_debug/github/fault-localization-by-Comparing-Program-Coverage/xmlproc/xml/parsers/xmlproc/xmlproc.py	105	0.500000
/home/john/software_debug/github/fault-localization-by-Comparing-Program-Coverage/xmlproc/xml/parsers/xmlproc/xmlproc.py	486	0.500000
/home/john/software_debug/github/fault-localization-by-Comparing-Program-Coverage/xmlproc/xml/parsers/xmlproc/xmlutils.py	396	0.500000
/home/john/software_debug/github/fault-localization-by-Comparing-Program-Coverage/xmlproc/xml/parsers/xmlproc/xmlproc.py	48	0.500000
/home/john/software_debug/github/fault-localization-by-Comparing-Program-Coverage/xmlproc/xml/parsers/xmlproc/xmlutils.py	152	0.500000
/home/john/software_debug/github/fault-localization-by-Comparing-Program-Coverage/xmlproc/xml/parsers/xmlproc/xmlutils.py	133	0.500000
/home/john/software_debug/github/fault-localization-by-Comparing-Program-Coverage/xmlproc/xml/parsers/xmlproc/xmlutils.py	622	0.500000
/home/john/software_debug/github/fault-localization-by-Comparing-Program-Coverage/xmlproc/outputters.py	60	0.500000
/home/john/software_debug/github/fault-localization-by-Comparing-Program-Coverage/xmlproc/xml/parsers/xmlproc/xmlapp.py	63	0.500000
/home/john/software_debug/github/fault-localization-by-Comparing-Program-Coverage/xmlproc/outputters.py	26	0.500000
/home/john/software_debug/github/fault-localization-by-Comparing-Program-Coverage/xmlproc/xml/parsers/xmlproc/xmlproc.py	97	0.500000
/home/john/software_debug/github/fault-localization-by-Comparing-Program-Coverage/xmlproc/xml/parsers/xmlproc/xmlproc.py	270	0.500000
/home/john/software_debug/github/fault-localization-by-Comparing-Program-Coverage/xmlproc/xml/parsers/xmlproc/xmldtd.py	23	0.500000
/home/john/software_debug/github/fault-localization-by-Comparing-Program-Coverage/xmlproc/xml/parsers/xmlproc/xmlproc.py	39	0.500000
/home/john/software_debug/github/fault-localization-by-Comparing-Program-Coverage/xmlproc/xml/parsers/xmlproc/xmlproc.py	88	0.500000
/home/john/software_debug/github/fault-localization-by-Comparing-Program-Coverage/xmlproc/xml/parsers/xmlproc/xmlproc.py	362	0.500000
/home/john/software_debug/github/fault-localization-by-Comparing-Program-Coverage/xmlproc/xml/parsers/xmlproc/xmlutils.py	345	0.500000
/home/john/software_debug/github/fault-localization-by-Comparing-Program-Coverage/xmlproc/outputters.py	22	0.500000
/home/john/software_debug/github/fault-localization-by-Comparing-Program-Coverage/xmlproc/xml/parsers/xmlproc/xmlapp.py	31	0.500000
/home/john/software_debug/github/fault-localization-by-Comparing-Program-Coverage/xmlproc/xml/parsers/xmlproc/xmlutils.py	315	0.500000
/home/john/software_debug/github/fault-localization-by-Comparing-Program-Coverage/xmlproc/xml/parsers/xmlproc/xmlutils.py	352	0.500000
/home/john/software_debug/github/fault-localization-by-Comparing-Program-Coverage/xmlproc/xml/parsers/xmlproc/xmlutils.py	157	0.500000
/home/john/software_debug/github/fault-localization-by-Comparing-Program-Coverage/xmlproc/xml/parsers/xmlproc/xmlutils.py	475	0.500000
/home/john/software_debug/github/fault-localization-by-Comparing-Program-Coverage/xmlproc/xml/parsers/xmlproc/xmlapp.py	47	0.500000
/home/john/software_debug/github/fault-localization-by-Comparing-Program-Coverage/xmlproc/xml/parsers/xmlproc/xmlutils.py	257	0.500000
/home/john/software_debug/github/fault-localization-by-Comparing-Program-Coverage/xmlproc/xml/parsers/xmlproc/xmlutils.py	499	0.500000
/home/john/software_debug/github/fault-localization-by-Comparing-Program-Coverage/xmlproc/xml/parsers/xmlproc/xmlutils.py	325	0.500000
/home/john/software_debug/github/fault-localization-by-Comparing-Program-Coverage/xmlproc/xml/parsers/xmlproc/xmlutils.py	443	0.500000
/home/john/software_debug/github/fault-localization-by-Comparing-Program-Coverage/xmlproc/xml/parsers/xmlproc/xmlproc.py	473	0.500000
/home/john/software_debug/github/fault-localization-by-Comparing-Program-Coverage/xmlproc/xml/parsers/xmlproc/xmlutils.py	176	0.500000
/home/john/software_debug/github/fault-localization-by-Comparing-Program-Coverage/xmlproc/xml/parsers/xmlproc/xmlproc.py	71	0.500000
/home/john/software_debug/github/fault-localization-by-Comparing-Program-Coverage/xmlproc/xml/parsers/xmlproc/xmlproc.py	510	0.500000
/home/john/software_debug/github/fault-localization-by-Comparing-Program-Coverage/xmlproc/xml/parsers/xmlproc/xmlutils.py	29	0.500000
/home/john/software_debug/github/fault-localization-by-Comparing-Program-Coverage/xmlproc/xml/parsers/xmlproc/xmlproc.py	153	0.500000
/home/john/software_debug/github/fault-localization-by-Comparing-Program-Coverage/xmlproc/xml/parsers/xmlproc/xmlutils.py	435	0.500000
/home/john/software_debug/github/fault-localization-by-Comparing-Program-Coverage/xmlproc/xml/parsers/xmlproc/xmldtd.py	32	0.500000
/home/john/software_debug/github/fault-localization-by-Comparing-Program-Coverage/xmlproc/xml/parsers/xmlproc/xmlproc.py	182	0.500000
/home/john/software_debug/github/fault-localization-by-Comparing-Program-Coverage/xmlproc/xml/parsers/xmlproc/xmldtd.py	86	0.500000
/home/john/software_debug/github/fault-localization-by-Comparing-Program-Coverage/xmlproc/xml/parsers/xmlproc/xmlutils.py	558	0.500000
/home/john/software_debug/github/fault-localization-by-Comparing-Program-Coverage/xmlproc/xml/parsers/xmlproc/xmlutils.py	255	0.500000
/home/john/software_debug/github/fault-localization-by-Comparing-Program-Coverage/xmlproc/xml/parsers/xmlproc/xmlutils.py	329	0.500000
/home/john/software_debug/github/fault-localization-by-Comparing-Program-Coverage/xmlproc/xml/parsers/xmlproc/xmldtd.py	24	0.500000
/home/john/software_debug/github/fault-localization-by-Comparing-Program-Coverage/xmlproc/xml/parsers/xmlproc/xmlproc.py	134	0.500000
/home/john/software_debug/github/fault-localization-by-Comparing-Program-Coverage/xmlproc/xml/parsers/xmlproc/charconv.py	89	0.500000
/home/john/software_debug/github/fault-localization-by-Comparing-Program-Coverage/xmlproc/xml/parsers/xmlproc/xmlutils.py	483	0.500000
/home/john/software_debug/github/fault-localization-by-Comparing-Program-Coverage/xmlproc/xml/parsers/xmlproc/xmlutils.py	342	0.500000
/home/john/software_debug/github/fault-localization-by-Comparing-Program-Coverage/xmlproc/xml/parsers/xmlproc/xmlapp.py	26	0.500000
/home/john/software_debug/github/fault-localization-by-Comparing-Program-Coverage/xmlproc/xml/parsers/xmlproc/xmlapp.py	53	0.500000
/home/john/software_debug/github/fault-localization-by-Comparing-Program-Coverage/xmlproc/xml/parsers/xmlproc/xmlutils.py	77	0.500000
/home/john/software_debug/github/fault-localization-by-Comparing-Program-Coverage/xmlproc/xml/parsers/xmlproc/xmldtd.py	27	0.500000
/home/john/software_debug/github/fault-localization-by-Comparing-Program-Coverage/xmlproc/xml/parsers/xmlproc/xmlutils.py	155	0.500000
/home/john/software_debug/github/fault-localization-by-Comparing-Program-Coverage/xmlproc/xml/parsers/xmlproc/xmlutils.py	132	0.500000
/home/john/software_debug/github/fault-localization-by-Comparing-Program-Coverage/xmlproc/getcov.py	53	0.500000
/home/john/software_debug/github/fault-localization-by-Comparing-Program-Coverage/xmlproc/xml/parsers/xmlproc/xmlproc.py	169	0.500000
/home/john/software_debug/github/fault-localization-by-Comparing-Program-Coverage/xmlproc/xml/parsers/xmlproc/xmlproc.py	198	0.500000
/home/john/software_debug/github/fault-localization-by-Comparing-Program-Coverage/xmlproc/xml/parsers/xmlproc/xmlutils.py	466	0.500000
/home/john/software_debug/github/fault-localization-by-Comparing-Program-Coverage/xmlproc/xml/parsers/xmlproc/xmlproc.py	89	0.500000
/home/john/software_debug/github/fault-localization-by-Comparing-Program-Coverage/xmlproc/xml/parsers/xmlproc/xmlutils.py	450	0.500000
/home/john/software_debug/github/fault-localization-by-Comparing-Program-Coverage/xmlproc/xml/parsers/xmlproc/xmldtd.py	112	0.500000
/home/john/software_debug/github/fault-localization-by-Comparing-Program-Coverage/xmlproc/xml/parsers/xmlproc/xmlproc.py	161	0.500000
/home/john/software_debug/github/fault-localization-by-Comparing-Program-Coverage/xmlproc/outputters.py	21	0.500000
/home/john/software_debug/github/fault-localization-by-Comparing-Program-Coverage/xmlproc/xml/parsers/xmlproc/xmlutils.py	291	0.500000
/home/john/software_debug/github/fault-localization-by-Comparing-Program-Coverage/xmlproc/xml/parsers/xmlproc/xmlutils.py	316	0.500000
/home/john/software_debug/github/fault-localization-by-Comparing-Program-Coverage/xmlproc/xml/parsers/xmlproc/xmlproc.py	162	0.500000
/home/john/software_debug/github/fault-localization-by-Comparing-Program-Coverage/xmlproc/xml/parsers/xmlproc/xmlutils.py	171	0.500000
/home/john/software_debug/github/fault-localization-by-Comparing-Program-Coverage/xmlproc/xml/parsers/xmlproc/xmlutils.py	327	0.500000
/home/john/software_debug/github/fault-localization-by-Comparing-Program-Coverage/xmlproc/xml/parsers/xmlproc/xmlproc.py	372	0.500000
/home/john/software_debug/github/fault-localization-by-Comparing-Program-Coverage/xmlproc/xml/parsers/xmlproc/xmlproc.py	126	0.500000
/home/john/software_debug/github/fault-localization-by-Comparing-Program-Coverage/xmlproc/xml/parsers/xmlproc/xmlutils.py	498	0.500000
/home/john/software_debug/github/fault-localization-by-Comparing-Program-Coverage/xmlproc/xml/parsers/xmlproc/xmlproc.py	35	0.500000
/home/john/software_debug/github/fault-localization-by-Comparing-Program-Coverage/xmlproc/xml/parsers/xmlproc/xmlutils.py	442	0.500000
/home/john/software_debug/github/fault-localization-by-Comparing-Program-Coverage/xmlproc/xml/parsers/xmlproc/xmlproc.py	478	0.500000
/home/john/software_debug/github/fault-localization-by-Comparing-Program-Coverage/xmlproc/xml/parsers/xmlproc/xmlproc.py	222	0.500000
/home/john/software_debug/github/fault-localization-by-Comparing-Program-Coverage/xmlproc/xml/parsers/xmlproc/xmlproc.py	185	0.500000
/home/john/software_debug/github/fault-localization-by-Comparing-Program-Coverage/xmlproc/xml/parsers/xmlproc/xmlapp.py	223	0.500000
/home/john/software_debug/github/fault-localization-by-Comparing-Program-Coverage/xmlproc/xml/parsers/xmlproc/xmlutils.py	477	0.500000
/home/john/software_debug/github/fault-localization-by-Comparing-Program-Coverage/xmlproc/xml/parsers/xmlproc/xmlproc.py	387	0.500000
/home/john/software_debug/github/fault-localization-by-Comparing-Program-Coverage/xmlproc/xml/parsers/xmlproc/xmlutils.py	33	0.500000
/home/john/software_debug/github/fault-localization-by-Comparing-Program-Coverage/xmlproc/xml/parsers/xmlproc/xmlutils.py	506	0.500000
/home/john/software_debug/github/fault-localization-by-Comparing-Program-Coverage/xmlproc/xml/parsers/xmlproc/xmlutils.py	28	0.500000
/home/john/software_debug/github/fault-localization-by-Comparing-Program-Coverage/xmlproc/xml/parsers/xmlproc/xmlproc.py	152	0.500000
/home/john/software_debug/github/fault-localization-by-Comparing-Program-Coverage/xmlproc/xml/parsers/xmlproc/xmlapp.py	45	0.500000
/home/john/software_debug/github/fault-localization-by-Comparing-Program-Coverage/xmlproc/xml/parsers/xmlproc/xmlutils.py	434	0.500000
/home/john/software_debug/github/fault-localization-by-Comparing-Program-Coverage/xmlproc/xml/parsers/xmlproc/xmlutils.py	37	0.500000
/home/john/software_debug/github/fault-localization-by-Comparing-Program-Coverage/xmlproc/xml/parsers/xmlproc/xmlapp.py	29	0.500000
/home/john/software_debug/github/fault-localization-by-Comparing-Program-Coverage/xmlproc/xml/parsers/xmlproc/xmlutils.py	514	0.500000
/home/john/software_debug/github/fault-localization-by-Comparing-Program-Coverage/xmlproc/xml/parsers/xmlproc/xmldtd.py	89	0.500000
/home/john/software_debug/github/fault-localization-by-Comparing-Program-Coverage/xmlproc/xml/parsers/xmlproc/xmlutils.py	555	0.500000
/home/john/software_debug/github/fault-localization-by-Comparing-Program-Coverage/xmlproc/xml/parsers/xmlproc/xmldtd.py	25	0.500000
/home/john/software_debug/github/fault-localization-by-Comparing-Program-Coverage/xmlproc/xml/parsers/xmlproc/charconv.py	90	0.500000
/home/john/software_debug/github/fault-localization-by-Comparing-Program-Coverage/xmlproc/xml/parsers/xmlproc/xmlutils.py	146	0.500000
/home/john/software_debug/github/fault-localization-by-Comparing-Program-Coverage/xmlproc/xml/parsers/xmlproc/xmlutils.py	343	0.500000
/home/john/software_debug/github/fault-localization-by-Comparing-Program-Coverage/xmlproc/xml/parsers/xmlproc/xmlapp.py	171	0.500000
/home/john/software_debug/github/fault-localization-by-Comparing-Program-Coverage/xmlproc/xml/parsers/xmlproc/xmlproc.py	356	0.500000
/home/john/software_debug/github/fault-localization-by-Comparing-Program-Coverage/xmlproc/xml/parsers/xmlproc/xmlutils.py	143	0.500000
/home/john/software_debug/github/fault-localization-by-Comparing-Program-Coverage/xmlproc/xml/parsers/xmlproc/xmldtd.py	22	0.500000
/home/john/software_debug/github/fault-localization-by-Comparing-Program-Coverage/xmlproc/xml/parsers/xmlproc/xmlutils.py	390	0.500000
/home/john/software_debug/github/fault-localization-by-Comparing-Program-Coverage/xmlproc/xml/parsers/xmlproc/xmlutils.py	351	0.500000
/home/john/software_debug/github/fault-localization-by-Comparing-Program-Coverage/xmlproc/xml/parsers/xmlproc/xmlutils.py	616	0.500000
/home/john/software_debug/github/fault-localization-by-Comparing-Program-Coverage/xmlproc/xml/parsers/xmlproc/xmlutils.py	564	0.500000
/home/john/software_debug/github/fault-localization-by-Comparing-Program-Coverage/xmlproc/xml/parsers/xmlproc/xmlapp.py	181	0.500000
/home/john/software_debug/github/fault-localization-by-Comparing-Program-Coverage/xmlproc/xml/parsers/xmlproc/xmlapp.py	49	0.500000
/home/john/software_debug/github/fault-localization-by-Comparing-Program-Coverage/xmlproc/xml/parsers/xmlproc/xmlproc.py	94	0.500000
/home/john/software_debug/github/fault-localization-by-Comparing-Program-Coverage/xmlproc/xml/parsers/xmlproc/xmlutils.py	449	0.500000
/home/john/software_debug/github/fault-localization-by-Comparing-Program-Coverage/xmlproc/xml/parsers/xmlproc/xmlutils.py	273	0.500000
/home/john/software_debug/github/fault-localization-by-Comparing-Program-Coverage/xmlproc/xml/parsers/xmlproc/xmlproc.py	160	0.500000
/home/john/software_debug/github/fault-localization-by-Comparing-Program-Coverage/xmlproc/xml/parsers/xmlproc/xmlproc.py	384	0.500000
/home/john/software_debug/github/fault-localization-by-Comparing-Program-Coverage/xmlproc/xml/parsers/xmlproc/xmlproc.py	375	0.500000
/home/john/software_debug/github/fault-localization-by-Comparing-Program-Coverage/xmlproc/xml/parsers/xmlproc/xmlproc.py	171	0.500000
/home/john/software_debug/github/fault-localization-by-Comparing-Program-Coverage/xmlproc/xml/parsers/xmlproc/xmlutils.py	509	0.500000
/home/john/software_debug/github/fault-localization-by-Comparing-Program-Coverage/xmlproc/xml/parsers/xmlproc/xmlproc.py	342	0.500000
/home/john/software_debug/github/fault-localization-by-Comparing-Program-Coverage/xmlproc/xml/parsers/xmlproc/xmlproc.py	34	0.500000
/home/john/software_debug/github/fault-localization-by-Comparing-Program-Coverage/xmlproc/xml/parsers/xmlproc/xmlproc.py	86	0.500000
/home/john/software_debug/github/fault-localization-by-Comparing-Program-Coverage/xmlproc/xml/parsers/xmlproc/xmlutils.py	441	0.500000
/home/john/software_debug/github/fault-localization-by-Comparing-Program-Coverage/xmlproc/xml/parsers/xmlproc/xmlproc.py	221	0.500000
/home/john/software_debug/github/fault-localization-by-Comparing-Program-Coverage/xmlproc/xml/parsers/xmlproc/xmlproc.py	184	0.500000
/home/john/software_debug/github/fault-localization-by-Comparing-Program-Coverage/xmlproc/xml/parsers/xmlproc/xmlutils.py	500	0.500000
/home/john/software_debug/github/fault-localization-by-Comparing-Program-Coverage/xmlproc/xml/parsers/xmlproc/xmlutils.py	178	0.500000
/home/john/software_debug/github/fault-localization-by-Comparing-Program-Coverage/xmlproc/xml/parsers/xmlproc/xmlproc.py	383	0.500000
/home/john/software_debug/github/fault-localization-by-Comparing-Program-Coverage/xmlproc/xml/parsers/xmlproc/xmlutils.py	149	0.500000
/home/john/software_debug/github/fault-localization-by-Comparing-Program-Coverage/xmlproc/xml/parsers/xmlproc/xmlproc.py	155	0.500000
/home/john/software_debug/github/fault-localization-by-Comparing-Program-Coverage/xmlproc/xml/parsers/xmlproc/xmldtd.py	127	0.500000
/home/john/software_debug/github/fault-localization-by-Comparing-Program-Coverage/xmlproc/xml/parsers/xmlproc/xmlutils.py	280	0.500000
/home/john/software_debug/github/fault-localization-by-Comparing-Program-Coverage/xmlproc/xml/parsers/xmlproc/xmlutils.py	624	0.500000
/home/john/software_debug/github/fault-localization-by-Comparing-Program-Coverage/xmlproc/xml/parsers/xmlproc/xmldtd.py	465	0.500000
/home/john/software_debug/github/fault-localization-by-Comparing-Program-Coverage/xmlproc/xml/parsers/xmlproc/xmlproc.py	29	0.500000
/home/john/software_debug/github/fault-localization-by-Comparing-Program-Coverage/xmlproc/xml/parsers/xmlproc/xmlutils.py	340	0.500000
/home/john/software_debug/github/fault-localization-by-Comparing-Program-Coverage/xmlproc/xml/parsers/xmlproc/xmlproc.py	205	0.500000
/home/john/software_debug/github/fault-localization-by-Comparing-Program-Coverage/xmlproc/xml/parsers/xmlproc/xmlutils.py	165	0.500000
/home/john/software_debug/github/fault-localization-by-Comparing-Program-Coverage/xmlproc/xml/parsers/xmlproc/xmlapp.py	51	0.500000
/home/john/software_debug/github/fault-localization-by-Comparing-Program-Coverage/xmlproc/xml/parsers/xmlproc/xmlproc.py	485	0.500000
/home/john/software_debug/github/fault-localization-by-Comparing-Program-Coverage/xmlproc/xml/parsers/xmlproc/xmlutils.py	239	0.500000
/home/john/software_debug/github/fault-localization-by-Comparing-Program-Coverage/xmlproc/xml/parsers/xmlproc/xmlproc.py	172	0.500000
/home/john/software_debug/github/fault-localization-by-Comparing-Program-Coverage/xmlproc/xml/parsers/xmlproc/xmlproc.py	53	0.500000
/home/john/software_debug/github/fault-localization-by-Comparing-Program-Coverage/xmlproc/xml/parsers/xmlproc/xmlutils.py	391	0.500000
/home/john/software_debug/github/fault-localization-by-Comparing-Program-Coverage/xmlproc/xml/parsers/xmlproc/xmlutils.py	619	0.500000
/home/john/software_debug/github/fault-localization-by-Comparing-Program-Coverage/xmlproc/outputters.py	27	0.500000
/home/john/software_debug/github/fault-localization-by-Comparing-Program-Coverage/xmlproc/xml/parsers/xmlproc/xmlutils.py	565	0.500000
/home/john/software_debug/github/fault-localization-by-Comparing-Program-Coverage/xmlproc/xml/parsers/xmlproc/xmldtd.py	30	0.500000
/home/john/software_debug/github/fault-localization-by-Comparing-Program-Coverage/xmlproc/xml/parsers/xmlproc/xmlproc.py	100	0.500000
/home/john/software_debug/github/fault-localization-by-Comparing-Program-Coverage/xmlproc/xml/parsers/xmlproc/xmlutils.py	271	0.500000
/home/john/software_debug/github/fault-localization-by-Comparing-Program-Coverage/xmlproc/xml/parsers/xmlproc/xmlutils.py	320	0.500000
/home/john/software_debug/github/fault-localization-by-Comparing-Program-Coverage/xmlproc/xml/parsers/xmlproc/xmlproc.py	493	0.500000
/home/john/software_debug/github/fault-localization-by-Comparing-Program-Coverage/xmlproc/xml/parsers/xmlproc/xmlutils.py	448	0.500000
/home/john/software_debug/github/fault-localization-by-Comparing-Program-Coverage/xmlproc/xml/parsers/xmlproc/xmlutils.py	279	0.500000
/home/john/software_debug/github/fault-localization-by-Comparing-Program-Coverage/xmlproc/xml/parsers/xmlproc/xmlproc.py	163	0.500000
/home/john/software_debug/github/fault-localization-by-Comparing-Program-Coverage/xmlproc/xml/parsers/xmlproc/xmlutils.py	289	0.500000
/home/john/software_debug/github/fault-localization-by-Comparing-Program-Coverage/xmlproc/xml/parsers/xmlproc/xmlutils.py	181	0.500000
/home/john/software_debug/github/fault-localization-by-Comparing-Program-Coverage/xmlproc/xml/parsers/xmlproc/xmlutils.py	262	0.500000
/home/john/software_debug/github/fault-localization-by-Comparing-Program-Coverage/xmlproc/xml/parsers/xmlproc/xmlutils.py	508	0.500000
/home/john/software_debug/github/fault-localization-by-Comparing-Program-Coverage/xmlproc/xml/parsers/xmlproc/xmlproc.py	343	0.500000
/home/john/software_debug/github/fault-localization-by-Comparing-Program-Coverage/xmlproc/xml/parsers/xmlproc/xmlproc.py	37	0.500000
/home/john/software_debug/github/fault-localization-by-Comparing-Program-Coverage/xmlproc/xml/parsers/xmlproc/xmldtd.py	111	0.500000
/home/john/software_debug/github/fault-localization-by-Comparing-Program-Coverage/xmlproc/xml/parsers/xmlproc/xmlapp.py	43	0.500000
/home/john/software_debug/github/fault-localization-by-Comparing-Program-Coverage/xmlproc/xml/parsers/xmlproc/xmlproc.py	476	0.500000
/home/john/software_debug/github/fault-localization-by-Comparing-Program-Coverage/xmlproc/xml/parsers/xmlproc/xmlproc.py	220	0.500000
/home/john/software_debug/github/fault-localization-by-Comparing-Program-Coverage/xmlproc/xml/parsers/xmlproc/xmlutils.py	516	0.500000
/home/john/software_debug/github/fault-localization-by-Comparing-Program-Coverage/xmlproc/xml/parsers/xmlproc/xmlutils.py	287	0.500000
/home/john/software_debug/github/fault-localization-by-Comparing-Program-Coverage/xmlproc/xml/parsers/xmlproc/xmlproc.py	187	0.500000
/home/john/software_debug/github/fault-localization-by-Comparing-Program-Coverage/xmlproc/xml/parsers/xmlproc/xmlutils.py	310	0.500000
/home/john/software_debug/github/fault-localization-by-Comparing-Program-Coverage/xmlproc/xml/parsers/xmlproc/xmlapp.py	71	0.500000
/home/john/software_debug/github/fault-localization-by-Comparing-Program-Coverage/xmlproc/xml/parsers/xmlproc/xmlproc.py	382	0.500000
/home/john/software_debug/github/fault-localization-by-Comparing-Program-Coverage/xmlproc/xml/parsers/xmlproc/xmlutils.py	484	0.500000
/home/john/software_debug/github/fault-localization-by-Comparing-Program-Coverage/xmlproc/xml/parsers/xmlproc/xmlproc.py	509	0.500000
/home/john/software_debug/github/fault-localization-by-Comparing-Program-Coverage/xmlproc/xml/parsers/xmlproc/xmlutils.py	26	0.500000
/home/john/software_debug/github/fault-localization-by-Comparing-Program-Coverage/xmlproc/xml/parsers/xmlproc/xmlutils.py	137	0.500000
/home/john/software_debug/github/fault-localization-by-Comparing-Program-Coverage/xmlproc/getcov.py	56	0.500000
/home/john/software_debug/github/fault-localization-by-Comparing-Program-Coverage/xmlproc/xml/parsers/xmlproc/xmlutils.py	35	0.500000
/home/john/software_debug/github/fault-localization-by-Comparing-Program-Coverage/xmlproc/xml/parsers/xmlproc/xmlapp.py	108	0.500000
/home/john/software_debug/github/fault-localization-by-Comparing-Program-Coverage/xmlproc/xml/parsers/xmlproc/xmlproc.py	179	0.500000
/home/john/software_debug/github/fault-localization-by-Comparing-Program-Coverage/xmlproc/xml/parsers/xmlproc/xmldtd.py	466	0.500000
/home/john/software_debug/github/fault-localization-by-Comparing-Program-Coverage/xmlproc/xml/parsers/xmlproc/xmlutils.py	34	0.500000
/home/john/software_debug/github/fault-localization-by-Comparing-Program-Coverage/xmlproc/xml/parsers/xmlproc/xmlproc.py	482	0.500000
/home/john/software_debug/github/fault-localization-by-Comparing-Program-Coverage/xmlproc/xml/parsers/xmlproc/xmlproc.py	358	0.500000
/home/john/software_debug/github/fault-localization-by-Comparing-Program-Coverage/xmlproc/xml/parsers/xmlproc/xmlproc.py	76	0.500000
/home/john/software_debug/github/fault-localization-by-Comparing-Program-Coverage/xmlproc/xml/parsers/xmlproc/xmlapp.py	169	0.500000
/home/john/software_debug/github/fault-localization-by-Comparing-Program-Coverage/xmlproc/xml/parsers/xmlproc/xmlutils.py	156	0.500000
/home/john/software_debug/github/fault-localization-by-Comparing-Program-Coverage/xmlproc/xml/parsers/xmlproc/xmlutils.py	341	0.500000
/home/john/software_debug/github/fault-localization-by-Comparing-Program-Coverage/xmlproc/xml/parsers/xmlproc/xmlproc.py	146	0.500000
/home/john/software_debug/github/fault-localization-by-Comparing-Program-Coverage/xmlproc/xml/parsers/xmlproc/xmlapp.py	173	0.500000
/home/john/software_debug/github/fault-localization-by-Comparing-Program-Coverage/xmlproc/xml/parsers/xmlproc/xmlapp.py	23	0.500000
/home/john/software_debug/github/fault-localization-by-Comparing-Program-Coverage/xmlproc/xml/parsers/xmlproc/xmlapp.py	179	0.500000
/home/john/software_debug/github/fault-localization-by-Comparing-Program-Coverage/xmlproc/xml/parsers/xmlproc/xmlutils.py	388	0.500000
/home/john/software_debug/github/fault-localization-by-Comparing-Program-Coverage/xmlproc/xml/parsers/xmlproc/xmlproc.py	335	0.500000
/home/john/software_debug/github/fault-localization-by-Comparing-Program-Coverage/xmlproc/xml/parsers/xmlproc/xmlutils.py	618	0.500000
/home/john/software_debug/github/fault-localization-by-Comparing-Program-Coverage/xmlproc/xml/parsers/xmlproc/xmlutils.py	45	0.500000
/home/john/software_debug/github/fault-localization-by-Comparing-Program-Coverage/xmlproc/xml/parsers/xmlproc/xmlutils.py	294	0.500000
/home/john/software_debug/github/fault-localization-by-Comparing-Program-Coverage/xmlproc/xml/parsers/xmlproc/xmldtd.py	31	0.500000
/home/john/software_debug/github/fault-localization-by-Comparing-Program-Coverage/xmlproc/xml/parsers/xmlproc/xmlapp.py	177	0.500000
/home/john/software_debug/github/fault-localization-by-Comparing-Program-Coverage/xmlproc/xml/parsers/xmlproc/xmlproc.py	101	0.500000
/home/john/software_debug/github/fault-localization-by-Comparing-Program-Coverage/xmlproc/xml/parsers/xmlproc/xmlutils.py	503	0.500000
/home/john/software_debug/github/fault-localization-by-Comparing-Program-Coverage/xmlproc/xml/parsers/xmlproc/xmlutils.py	321	0.500000
/home/john/software_debug/github/fault-localization-by-Comparing-Program-Coverage/xmlproc/xml/parsers/xmlproc/xmlproc.py	498	0.500000
/home/john/software_debug/github/fault-localization-by-Comparing-Program-Coverage/xmlproc/xml/parsers/xmlproc/xmlapp.py	24	0.500000
/home/john/software_debug/github/fault-localization-by-Comparing-Program-Coverage/xmlproc/xml/parsers/xmlproc/xmlproc.py	92	0.500000
/home/john/software_debug/github/fault-localization-by-Comparing-Program-Coverage/xmlproc/xml/parsers/xmlproc/xmlutils.py	447	0.500000
/home/john/software_debug/github/fault-localization-by-Comparing-Program-Coverage/xmlproc/xml/parsers/xmlproc/xmlutils.py	275	0.500000
/home/john/software_debug/github/fault-localization-by-Comparing-Program-Coverage/xmlproc/xml/parsers/xmlproc/xmlutils.py	610	0.500000
/home/john/software_debug/github/fault-localization-by-Comparing-Program-Coverage/xmlproc/xml/parsers/xmlproc/xmlapp.py	224	0.500000
/home/john/software_debug/github/fault-localization-by-Comparing-Program-Coverage/xmlproc/xml/parsers/xmlproc/xmlapp.py	146	0.500000
/home/john/software_debug/github/fault-localization-by-Comparing-Program-Coverage/xmlproc/xml/parsers/xmlproc/xmlutils.py	47	0.500000
/home/john/software_debug/github/fault-localization-by-Comparing-Program-Coverage/xmlproc/xml/parsers/xmlproc/xmlproc.py	67	0.500000
/home/john/software_debug/github/fault-localization-by-Comparing-Program-Coverage/xmlproc/xml/parsers/xmlproc/xmlutils.py	405	0.500000
/home/john/software_debug/github/fault-localization-by-Comparing-Program-Coverage/xmlproc/xml/parsers/xmlproc/xmlutils.py	261	0.500000
/home/john/software_debug/github/fault-localization-by-Comparing-Program-Coverage/xmlproc/xml/parsers/xmlproc/xmlutils.py	511	0.500000
/home/john/software_debug/github/fault-localization-by-Comparing-Program-Coverage/xmlproc/xml/parsers/xmlproc/xmlproc.py	36	0.500000
/home/john/software_debug/github/fault-localization-by-Comparing-Program-Coverage/xmlproc/xml/parsers/xmlproc/xmlproc.py	157	0.500000
/home/john/software_debug/github/fault-localization-by-Comparing-Program-Coverage/xmlproc/xml/parsers/xmlproc/xmlproc.py	84	0.500000
/home/john/software_debug/github/fault-localization-by-Comparing-Program-Coverage/xmlproc/xml/parsers/xmlproc/xmldtd.py	36	0.500000
/home/john/software_debug/github/fault-localization-by-Comparing-Program-Coverage/xmlproc/xml/parsers/xmlproc/xmlapp.py	107	0.500000
/home/john/software_debug/github/fault-localization-by-Comparing-Program-Coverage/xmlproc/xml/parsers/xmlproc/xmlproc.py	344	0.500000
/home/john/software_debug/github/fault-localization-by-Comparing-Program-Coverage/xmlproc/xml/parsers/xmlproc/xmlutils.py	65	0.500000
/home/john/software_debug/github/fault-localization-by-Comparing-Program-Coverage/xmlproc/xml/parsers/xmlproc/xmlutils.py	556	0.500000
/home/john/software_debug/github/fault-localization-by-Comparing-Program-Coverage/xmlproc/xml/parsers/xmlproc/xmlproc.py	377	0.500000
/home/john/software_debug/github/fault-localization-by-Comparing-Program-Coverage/xmlproc/xml/parsers/xmlproc/xmlutils.py	463	0.500000
/home/john/software_debug/github/fault-localization-by-Comparing-Program-Coverage/xmlproc/xml/parsers/xmlproc/xmlproc.py	75	0.500000
/home/john/software_debug/github/fault-localization-by-Comparing-Program-Coverage/xmlproc/xml/parsers/xmlproc/xmlutils.py	174	0.500000
/home/john/software_debug/github/fault-localization-by-Comparing-Program-Coverage/xmlproc/xml/parsers/xmlproc/xmlutils.py	151	0.500000
/home/john/software_debug/github/fault-localization-by-Comparing-Program-Coverage/xmlproc/xml/parsers/xmlproc/xmlutils.py	136	0.500000
/home/john/software_debug/github/fault-localization-by-Comparing-Program-Coverage/xmlproc/xml/parsers/xmlproc/xmlproc.py	149	0.500000
/home/john/software_debug/github/fault-localization-by-Comparing-Program-Coverage/xmlproc/xml/parsers/xmlproc/xmlproc.py	211	0.500000
/home/john/software_debug/github/fault-localization-by-Comparing-Program-Coverage/xmlproc/xml/parsers/xmlproc/xmlutils.py	626	0.500000
/home/john/software_debug/github/fault-localization-by-Comparing-Program-Coverage/xmlproc/xml/parsers/xmlproc/xmldtd.py	467	0.500000
/home/john/software_debug/github/fault-localization-by-Comparing-Program-Coverage/xmlproc/xml/parsers/xmlproc/errors.py	14	0.500000
/home/john/software_debug/github/fault-localization-by-Comparing-Program-Coverage/xmlproc/xml/parsers/xmlproc/xmlproc.py	483	0.500000
/home/john/software_debug/github/fault-localization-by-Comparing-Program-Coverage/xmlproc/xml/parsers/xmlproc/xmlapp.py	168	0.500000
/home/john/software_debug/github/fault-localization-by-Comparing-Program-Coverage/xmlproc/xml/parsers/xmlproc/xmlutils.py	159	0.500000
/home/john/software_debug/github/fault-localization-by-Comparing-Program-Coverage/xmlproc/xml/parsers/xmlproc/xmlutils.py	338	0.500000
/home/john/software_debug/github/fault-localization-by-Comparing-Program-Coverage/xmlproc/xml/parsers/xmlproc/xmlutils.py	167	0.500000
/home/john/software_debug/github/fault-localization-by-Comparing-Program-Coverage/xmlproc/xml/parsers/xmlproc/xmlproc.py	30	0.500000
/home/john/software_debug/github/fault-localization-by-Comparing-Program-Coverage/xmlproc/xml/parsers/xmlproc/xmlutils.py	470	0.500000
/home/john/software_debug/github/fault-localization-by-Comparing-Program-Coverage/xmlproc/xml/parsers/xmlproc/xmlproc.py	98	0.500000
/home/john/software_debug/github/fault-localization-by-Comparing-Program-Coverage/xmlproc/xml/parsers/xmlproc/xmlproc.py	491	0.500000
/home/john/software_debug/github/fault-localization-by-Comparing-Program-Coverage/xmlproc/xml/parsers/xmlproc/xmlutils.py	393	0.500000
/home/john/software_debug/github/fault-localization-by-Comparing-Program-Coverage/xmlproc/xml/parsers/xmlproc/xmlproc.py	361	0.500000
/home/john/software_debug/github/fault-localization-by-Comparing-Program-Coverage/xmlproc/xml/parsers/xmlproc/xmlproc.py	332	0.500000
/home/john/software_debug/github/fault-localization-by-Comparing-Program-Coverage/xmlproc/xml/parsers/xmlproc/xmlutils.py	613	0.500000
/home/john/software_debug/github/fault-localization-by-Comparing-Program-Coverage/xmlproc/outputters.py	59	0.500000
/home/john/software_debug/github/fault-localization-by-Comparing-Program-Coverage/xmlproc/xml/parsers/xmlproc/xmlutils.py	295	0.500000
/home/john/software_debug/github/fault-localization-by-Comparing-Program-Coverage/xmlproc/xml/parsers/xmlproc/xmlutils.py	312	0.500000
/home/john/software_debug/github/fault-localization-by-Comparing-Program-Coverage/xmlproc/xml/parsers/xmlproc/xmlutils.py	563	0.500000
/home/john/software_debug/github/fault-localization-by-Comparing-Program-Coverage/xmlproc/xml/parsers/xmlproc/xmlutils.py	175	0.500000
/home/john/software_debug/github/fault-localization-by-Comparing-Program-Coverage/xmlproc/xml/parsers/xmlproc/xmlproc.py	194	0.500000
/home/john/software_debug/github/fault-localization-by-Comparing-Program-Coverage/xmlproc/xml/parsers/xmlproc/xmlutils.py	402	0.500000
/home/john/software_debug/github/fault-localization-by-Comparing-Program-Coverage/xmlproc/xml/parsers/xmlproc/xmlutils.py	502	0.500000
/home/john/software_debug/github/fault-localization-by-Comparing-Program-Coverage/xmlproc/xml/parsers/xmlproc/xmlutils.py	491	0.500000
/home/john/software_debug/github/fault-localization-by-Comparing-Program-Coverage/xmlproc/xml/parsers/xmlproc/xmlutils.py	245	0.500000
/home/john/software_debug/github/fault-localization-by-Comparing-Program-Coverage/xmlproc/xml/parsers/xmlproc/xmlproc.py	42	0.500000
/home/john/software_debug/github/fault-localization-by-Comparing-Program-Coverage/xmlproc/xml/parsers/xmlproc/xmlproc.py	93	0.500000
/home/john/software_debug/github/fault-localization-by-Comparing-Program-Coverage/xmlproc/xml/parsers/xmlproc/xmlutils.py	277	0.500000
/home/john/software_debug/github/fault-localization-by-Comparing-Program-Coverage/xmlproc/xml/parsers/xmlproc/xmlapp.py	227	0.500000
/home/john/software_debug/github/fault-localization-by-Comparing-Program-Coverage/xmlproc/xml/parsers/xmlproc/xmldtd.py	129	0.500000
/home/john/software_debug/github/fault-localization-by-Comparing-Program-Coverage/xmlproc/xml/parsers/xmlproc/xmlapp.py	145	0.500000
/home/john/software_debug/github/fault-localization-by-Comparing-Program-Coverage/xmlproc/xml/parsers/xmlproc/xmlutils.py	571	0.500000
/home/john/software_debug/github/fault-localization-by-Comparing-Program-Coverage/xmlproc/xml/parsers/xmlproc/xmlutils.py	183	0.500000
/home/john/software_debug/github/fault-localization-by-Comparing-Program-Coverage/xmlproc/xml/parsers/xmlproc/xmlutils.py	553	0.500000
/home/john/software_debug/github/fault-localization-by-Comparing-Program-Coverage/xmlproc/xml/parsers/xmlproc/xmlproc.py	66	0.500000
/home/john/software_debug/github/fault-localization-by-Comparing-Program-Coverage/xmlproc/xml/parsers/xmlproc/xmlproc.py	114	0.500000
/home/john/software_debug/github/fault-localization-by-Comparing-Program-Coverage/xmlproc/xml/parsers/xmlproc/xmlutils.py	260	0.500000
/home/john/software_debug/github/fault-localization-by-Comparing-Program-Coverage/xmlproc/xml/parsers/xmlproc/xmlproc.py	341	0.500000
/home/john/software_debug/github/fault-localization-by-Comparing-Program-Coverage/xmlproc/xml/parsers/xmlproc/xmlutils.py	253	0.500000
/home/john/software_debug/github/fault-localization-by-Comparing-Program-Coverage/xmlproc/xml/parsers/xmlproc/xmlutils.py	617	0.500000
/home/john/software_debug/github/fault-localization-by-Comparing-Program-Coverage/xmlproc/xml/parsers/xmlproc/xmlutils.py	330	0.500000
/home/john/software_debug/github/fault-localization-by-Comparing-Program-Coverage/xmlproc/xml/parsers/xmlproc/xmlproc.py	156	0.500000
/home/john/software_debug/github/fault-localization-by-Comparing-Program-Coverage/xmlproc/xml/parsers/xmlproc/xmlproc.py	85	0.500000
/home/john/software_debug/github/fault-localization-by-Comparing-Program-Coverage/xmlproc/xml/parsers/xmlproc/xmldtd.py	37	0.500000
/home/john/software_debug/github/fault-localization-by-Comparing-Program-Coverage/xmlproc/xml/parsers/xmlproc/xmlutils.py	285	0.500000
/home/john/software_debug/github/fault-localization-by-Comparing-Program-Coverage/xmlproc/xml/parsers/xmlproc/xmlutils.py	141	0.500000
/home/john/software_debug/github/fault-localization-by-Comparing-Program-Coverage/xmlproc/xml/parsers/xmlproc/xmlproc.py	74	0.500000
/home/john/software_debug/github/fault-localization-by-Comparing-Program-Coverage/xmlproc/xml/parsers/xmlproc/xmlutils.py	150	0.500000
/home/john/software_debug/github/fault-localization-by-Comparing-Program-Coverage/xmlproc/xml/parsers/xmlproc/xmlproc.py	148	0.500000
/home/john/software_debug/github/fault-localization-by-Comparing-Program-Coverage/xmlproc/xml/parsers/xmlproc/xmlutils.py	627	0.500000
/home/john/software_debug/github/fault-localization-by-Comparing-Program-Coverage/xmlproc/xml/parsers/xmlproc/xmlproc.py	210	0.500000
/home/john/software_debug/github/fault-localization-by-Comparing-Program-Coverage/xmlproc/xml/parsers/xmlproc/xmlutils.py	480	0.500000
/home/john/software_debug/github/fault-localization-by-Comparing-Program-Coverage/xmlproc/xml/parsers/xmlproc/xmlapp.py	175	0.500000
/home/john/software_debug/github/fault-localization-by-Comparing-Program-Coverage/xmlproc/xml/parsers/xmlproc/xmldtd.py	93	0.500000
/home/john/software_debug/github/fault-localization-by-Comparing-Program-Coverage/xmlproc/xml/parsers/xmlproc/errors.py	15	0.500000
/home/john/software_debug/github/fault-localization-by-Comparing-Program-Coverage/xmlproc/xml/parsers/xmlproc/xmlutils.py	72	0.500000
/home/john/software_debug/github/fault-localization-by-Comparing-Program-Coverage/xmlproc/xml/parsers/xmlproc/xmlutils.py	332	0.500000
/home/john/software_debug/github/fault-localization-by-Comparing-Program-Coverage/xmlproc/xml/parsers/xmlproc/xmlutils.py	158	0.500000
/home/john/software_debug/github/fault-localization-by-Comparing-Program-Coverage/xmlproc/xml/parsers/xmlproc/xmlutils.py	461	0.500000
/home/john/software_debug/github/fault-localization-by-Comparing-Program-Coverage/xmlproc/xml/parsers/xmlproc/xmlutils.py	339	0.500000
/home/john/software_debug/github/fault-localization-by-Comparing-Program-Coverage/xmlproc/xml/parsers/xmlproc/xmlutils.py	620	0.500000
/home/john/software_debug/github/fault-localization-by-Comparing-Program-Coverage/xmlproc/xml/parsers/xmlproc/xmlutils.py	166	0.500000
/home/john/software_debug/github/fault-localization-by-Comparing-Program-Coverage/xmlproc/xml/parsers/xmlproc/xmlproc.py	197	0.500000
/home/john/software_debug/github/fault-localization-by-Comparing-Program-Coverage/xmlproc/xml/parsers/xmlproc/xmlutils.py	465	0.500000
/home/john/software_debug/github/fault-localization-by-Comparing-Program-Coverage/xmlproc/xml/parsers/xmlproc/xmlproc.py	488	0.500000
/home/john/software_debug/github/fault-localization-by-Comparing-Program-Coverage/xmlproc/xml/parsers/xmlproc/xmlproc.py	360	0.500000
/home/john/software_debug/github/fault-localization-by-Comparing-Program-Coverage/xmlproc/xml/parsers/xmlproc/xmlproc.py	90	0.500000
/home/john/software_debug/github/fault-localization-by-Comparing-Program-Coverage/xmlproc/xml/parsers/xmlproc/xmlproc.py	333	0.500000
/home/john/software_debug/github/fault-localization-by-Comparing-Program-Coverage/xmlproc/xml/parsers/xmlproc/xmlutils.py	127	0.500000
/home/john/software_debug/github/fault-localization-by-Comparing-Program-Coverage/xmlproc/xml/parsers/xmlproc/xmlproc.py	164	0.500000
/home/john/software_debug/github/fault-localization-by-Comparing-Program-Coverage/xmlproc/outputters.py	24	0.500000
/home/john/software_debug/github/fault-localization-by-Comparing-Program-Coverage/xmlproc/outputters.py	25	0.500000
/home/john/software_debug/github/fault-localization-by-Comparing-Program-Coverage/xmlproc/xml/parsers/xmlproc/xmldtd.py	29	0.500000
/home/john/software_debug/github/fault-localization-by-Comparing-Program-Coverage/xmlproc/getcov.py	51	0.500000
/home/john/software_debug/github/fault-localization-by-Comparing-Program-Coverage/xmlproc/xml/parsers/xmlproc/xmlutils.py	497	0.500000
/home/john/software_debug/github/fault-localization-by-Comparing-Program-Coverage/xmlproc/xml/parsers/xmlproc/xmlutils.py	244	0.500000
/home/john/software_debug/github/fault-localization-by-Comparing-Program-Coverage/xmlproc/xml/parsers/xmlproc/xmlutils.py	505	0.500000
/home/john/software_debug/github/fault-localization-by-Comparing-Program-Coverage/xmlproc/xml/parsers/xmlproc/xmlproc.py	41	0.500000
/home/john/software_debug/github/fault-localization-by-Comparing-Program-Coverage/xmlproc/xml/parsers/xmlproc/xmlproc.py	82	0.500000
/home/john/software_debug/github/fault-localization-by-Comparing-Program-Coverage/xmlproc/xml/parsers/xmlproc/xmlutils.py	445	0.500000
/home/john/software_debug/github/fault-localization-by-Comparing-Program-Coverage/xmlproc/xml/parsers/xmlproc/xmlproc.py	225	0.500000
/home/john/software_debug/github/fault-localization-by-Comparing-Program-Coverage/xmlproc/xml/parsers/xmlproc/xmlutils.py	537	0.500000
/home/john/software_debug/github/fault-localization-by-Comparing-Program-Coverage/xmlproc/xml/parsers/xmlproc/xmldtd.py	128	0.500000
/home/john/software_debug/github/fault-localization-by-Comparing-Program-Coverage/xmlproc/xml/parsers/xmlproc/xmlutils.py	182	0.500000
/home/john/software_debug/github/fault-localization-by-Comparing-Program-Coverage/xmlproc/xml/parsers/xmlproc/xmlproc.py	515	0.500000
/home/john/software_debug/github/fault-localization-by-Comparing-Program-Coverage/xmlproc/xml/parsers/xmlproc/xmlproc.py	371	0.500000
/home/john/software_debug/github/fault-localization-by-Comparing-Program-Coverage/xmlproc/xml/parsers/xmlproc/xmlproc.py	65	0.500000
/home/john/software_debug/github/fault-localization-by-Comparing-Program-Coverage/xmlproc/xml/parsers/xmlproc/xmlutils.py	173	0.500000
/home/john/software_debug/github/fault-localization-by-Comparing-Program-Coverage/xmlproc/xml/parsers/xmlproc/xmlutils.py	31	0.500000
/home/john/software_debug/github/fault-localization-by-Comparing-Program-Coverage/xmlproc/xml/parsers/xmlproc/xmlutils.py	252	0.500000
/home/john/software_debug/github/fault-localization-by-Comparing-Program-Coverage/xmlproc/xml/parsers/xmlproc/xmlutils.py	79	0.400000
/home/john/software_debug/github/fault-localization-by-Comparing-Program-Coverage/xmlproc/xml/parsers/xmlproc/xmlproc.py	363	0.400000
/home/john/software_debug/github/fault-localization-by-Comparing-Program-Coverage/xmlproc/xml/parsers/xmlproc/xmlapp.py	37	0.400000
/home/john/software_debug/github/fault-localization-by-Comparing-Program-Coverage/xmlproc/xml/parsers/xmlproc/xmlutils.py	78	0.400000
/home/john/software_debug/github/fault-localization-by-Comparing-Program-Coverage/xmlproc/xml/parsers/xmlproc/xmlproc.py	130	0.400000
/home/john/software_debug/github/fault-localization-by-Comparing-Program-Coverage/xmlproc/xml/parsers/xmlproc/xmlproc.py	136	0.400000
/home/john/software_debug/github/fault-localization-by-Comparing-Program-Coverage/xmlproc/xml/parsers/xmlproc/xmlproc.py	365	0.400000
/home/john/software_debug/github/fault-localization-by-Comparing-Program-Coverage/xmlproc/xml/parsers/xmlproc/xmlproc.py	144	0.400000
/home/john/software_debug/github/fault-localization-by-Comparing-Program-Coverage/xmlproc/xml/parsers/xmlproc/xmlutils.py	202	0.400000
/home/john/software_debug/github/fault-localization-by-Comparing-Program-Coverage/xmlproc/xml/parsers/xmlproc/xmlproc.py	127	0.400000
/home/john/software_debug/github/fault-localization-by-Comparing-Program-Coverage/xmlproc/xml/parsers/xmlproc/xmlapp.py	35	0.400000
/home/john/software_debug/github/fault-localization-by-Comparing-Program-Coverage/xmlproc/xml/parsers/xmlproc/xmlutils.py	200	0.400000
/home/john/software_debug/github/fault-localization-by-Comparing-Program-Coverage/xmlproc/xml/parsers/xmlproc/xmlproc.py	367	0.400000
/home/john/software_debug/github/fault-localization-by-Comparing-Program-Coverage/xmlproc/xml/parsers/xmlproc/xmlproc.py	68	0.400000
/home/john/software_debug/github/fault-localization-by-Comparing-Program-Coverage/xmlproc/xml/parsers/xmlproc/xmlproc.py	141	0.400000
/home/john/software_debug/github/fault-localization-by-Comparing-Program-Coverage/xmlproc/xml/parsers/xmlproc/xmlproc.py	366	0.400000
/home/john/software_debug/github/fault-localization-by-Comparing-Program-Coverage/xmlproc/xml/parsers/xmlproc/xmlproc.py	139	0.400000
/home/john/software_debug/github/fault-localization-by-Comparing-Program-Coverage/xmlproc/xml/parsers/xmlproc/xmlutils.py	80	0.400000
/home/john/software_debug/github/fault-localization-by-Comparing-Program-Coverage/xmlproc/xml/parsers/xmlproc/xmlutils.py	614	0.000000
